Temperature,Humidity,AQI,Temperature_Status,AQI_Status,Humidity_Status,Environmental_Status
32.78853596915768,31,124,Normal,Anomaly,Normal,Hazardous
25.500586367382386,44,47,Normal,Normal,Normal,Normal
34.72942428328025,73,124,Normal,Anomaly,Normal,Hazardous
37.84359135409691,35,105,Anamoly,Anomaly,Normal,Hazardous
28.43843639370541,31,41,Normal,Normal,Normal,Normal
24.372759496072067,62,107,Normal,Anomaly,Normal,Hazardous
20.530719393677273,42,121,Normal,Anomaly,Normal,Hazardous
32.99768875559046,64,83,Normal,Normal,Normal,Normal
24.408812440813932,67,65,Normal,Normal,Normal,Normal
36.18860913355653,30,127,Anamoly,Anomaly,Normal,Hazardous
36.116385036656155,74,84,Anamoly,Normal,Normal,Normal
26.80501033035984,39,57,Normal,Normal,Normal,Normal
39.14426144413562,51,43,Anamoly,Normal,Normal,Normal
21.85491686760296,36,75,Normal,Normal,Normal,Normal
36.949887326949195,68,63,Anamoly,Normal,Normal,Normal
36.14256546548761,76,88,Anamoly,Normal,Normal,Normal
30.724561829094014,54,40,Normal,Normal,Normal,Normal
31.04081262546454,70,109,Normal,Anomaly,Normal,Hazardous
37.70903495873614,53,103,Anamoly,Anomaly,Normal,Hazardous
23.845771805133197,34,35,Normal,Normal,Normal,Normal
